uniprotac,variant,drug,label,patho,source
F5H094,S112P,mycophenolic acid,sensitivity,Benign,pharmgkb
F5H094,S112P,sunitinib,sensitivity,Benign,pharmgkb
O15178,G177D,flunisolide,sensitivity,Benign,pharmgkb
O15245,M408V,metformin,sensitivity,Benign,pharmgkb
O15439,G187W,latanoprost,sensitivity,Benign,pharmgkb
O43542,T241M,Platinum ,sensitivity,Pathogenic,pharmgkb
O75533,K666N,Spliceostatin A,sensitivity,Pathogenic,civic
O75533,K700E,Spliceostatin A,sensitivity,Pathogenic,civic
O75874,R132C,AGI-5198,sensitivity,Pathogenic,civic
O75874,R132C,BPTES,sensitivity,Pathogenic,civic
O75874,R132C,GSK321,sensitivity,Pathogenic,civic
O75874,R132C,Ivosidenib,sensitivity,Pathogenic,civic
O75874,R132C,Olaparib,sensitivity,Pathogenic,civic
O75874,R132C,Temozolomide,sensitivity,Pathogenic,civic
O95477,K1587R,fenofibrate,sensitivity,Benign,pharmgkb
O95477,R219K,atorvastatin,sensitivity,Benign,pharmgkb
O95477,R219K,fenofibrate,sensitivity,Benign,pharmgkb
O95477,R219K,pravastatin,sensitivity,Benign,pharmgkb
O95477,R219K,rosuvastatin,sensitivity,Benign,pharmgkb
O95477,R219K,simvastatin,sensitivity,Benign,pharmgkb
P00325,R370C,naltrexone,sensitivity,Benign,pharmgkb
P00326,I350V,naltrexone,sensitivity,Benign,pharmgkb
P00488,V35L,aspirin,sensitivity,Benign,pharmgkb
P00519,E255K,Axitinib,resistance,Likely pathogenic,civic
P00519,E255K,Bosutinib,resistance,Likely pathogenic,civic
P00519,E255K,Dasatinib,resistance,Likely pathogenic,civic
P00519,E255K,Imatinib,resistance,Likely pathogenic,civic
P00519,E255K,Imatinib Mesylate,resistance,Likely pathogenic,civic
P00519,E255K,Nilotinib,resistance,Likely pathogenic,civic
P00519,E255V,Axitinib,resistance,Pathogenic,civic
P00519,E255V,Imatinib,resistance,Pathogenic,civic
P00519,E255V,Imatinib Mesylate,resistance,Pathogenic,civic
P00519,E255V,Nilotinib,resistance,Pathogenic,civic
P00519,E355G,Imatinib,resistance,Likely pathogenic,civic
P00519,E355G,Imatinib Mesylate,resistance,Likely pathogenic,civic
P00519,F317C,Dasatinib,resistance,Likely pathogenic,civic
P00519,F317I,Dasatinib,resistance,Likely pathogenic,civic
P00519,F317L,Axitinib,resistance,Likely pathogenic,civic
P00519,F317L,Dasatinib,resistance,Likely pathogenic,civic
P00519,F317L,Imatinib,resistance,Likely pathogenic,civic
P00519,F317L,Imatinib Mesylate,resistance,Likely pathogenic,civic
P00519,F317L,Ponatinib,sensitivity,Likely pathogenic,civic
P00519,F317V,Axitinib,resistance,Likely pathogenic,civic
P00519,F317V,Dasatinib,resistance,Likely pathogenic,civic
P00519,F359C,Imatinib Mesylate,resistance,Likely pathogenic,civic
P00519,F359I,Imatinib Mesylate,resistance,Likely pathogenic,civic
P00519,F359V,Dasatinib,resistance,Likely pathogenic,civic
P00519,F359V,Imatinib,resistance,Likely pathogenic,civic
P00519,F359V,Imatinib Mesylate,resistance,Likely pathogenic,civic
P00519,F359V,Nilotinib,resistance,Likely pathogenic,civic
P00519,H396R,Axitinib,resistance,Pathogenic,civic
P00519,H396R,Bosutinib,resistance,Pathogenic,civic
P00519,H396R,Imatinib,resistance,Pathogenic,civic
P00519,H396R,Imatinib Mesylate,resistance,Pathogenic,civic
P00519,L248V,Axitinib,resistance,Likely pathogenic,civic
P00519,L248V,Imatinib,resistance,Likely pathogenic,civic
P00519,L248V,Imatinib Mesylate,resistance,Likely pathogenic,civic
P00519,M351T,Imatinib Mesylate,resistance,Pathogenic,civic
P00519,M351T,Nilotinib,sensitivity,Pathogenic,civic
P00519,Q252H,Axitinib,resistance,Likely pathogenic,civic
P00519,Q252H,Dasatinib,resistance,Likely pathogenic,civic
P00519,Q252H,Imatinib Mesylate,resistance,Likely pathogenic,civic
P00519,T315A,Axitinib,sensitivity,Likely pathogenic,civic
P00519,T315A,Dasatinib,resistance,Likely pathogenic,civic
P00519,T315I,Axitinib,sensitivity,Pathogenic,civic
P00519,T315I,Bosutinib,resistance,Pathogenic,civic
P00519,T315I,Dasatinib,resistance,Pathogenic,civic
P00519,T315I,Imatinib,resistance,Pathogenic,civic
P00519,T315I,Imatinib Mesylate,resistance,Pathogenic,civic
P00519,T315I,Nilotinib,resistance,Pathogenic,civic
P00519,T315I,Ponatinib,sensitivity,Pathogenic,civic
P00519,V299L,Axitinib,sensitivity,Likely pathogenic,civic
P00519,V299L,Dasatinib,resistance,Likely pathogenic,civic
P00519,V299L,Imatinib Mesylate,resistance,Likely pathogenic,civic
P00519,V299L,Nilotinib,sensitivity,Likely pathogenic,civic
P00519,Y253F,Axitinib,resistance,Likely pathogenic,civic
P00519,Y253F,Imatinib,resistance,Likely pathogenic,civic
P00519,Y253H,Imatinib Mesylate,resistance,Pathogenic,civic
P00533,A289V,Erlotinib,sensitivity,Likely pathogenic,civic
P00533,G598V,Erlotinib,sensitivity,Likely pathogenic,civic
P00533,G719A,Gefitinib,sensitivity,Pathogenic,civic
P00533,G719S,Erlotinib,sensitivity,Pathogenic,civic
P00533,G719S,Gefitinib,sensitivity,Pathogenic,civic
P00533,L858R,Afatinib,sensitivity,Pathogenic,civic
P00533,L858R,Canertinib,sensitivity,Pathogenic,civic
P00533,L858R,Crizotinib,resistance,Pathogenic,civic
P00533,L858R,Dacomitinib,sensitivity,Pathogenic,civic
P00533,L858R,Erlotinib,sensitivity,Pathogenic,civic
P00533,L858R,gefitinib,sensitivity,Pathogenic,pharmgkb
P00533,L858R,Lapatinib,sensitivity,Pathogenic,civic
P00533,L858R,Neratinib,sensitivity,Pathogenic,civic
P00533,L858R,Osimertinib,sensitivity,Pathogenic,civic
P00533,L861Q,Erlotinib,sensitivity,Pathogenic,civic
P00533,L861Q,Gefitinib,sensitivity,Pathogenic,civic
P00533,L861R,Gefitinib,sensitivity,Pathogenic,civic
P00533,R108K,Erlotinib,sensitivity,Likely pathogenic,civic
P00533,R776C,Erlotinib,sensitivity,Likely pathogenic,civic
P00533,R831H,Erlotinib,sensitivity,Pathogenic,civic
P00533,S768I,Gefitinib,sensitivity,Pathogenic,civic
P00533,T790M,Canertinib,sensitivity,Pathogenic,civic
P00533,T790M,Lapatinib,resistance,Pathogenic,civic
P00533,T790M,Neratinib,sensitivity,Pathogenic,civic
P00533,T790M,Osimertinib,sensitivity,Pathogenic,civic
P00533,T790M,Rociletinib,sensitivity,Pathogenic,civic
P00533,T790M,Staurosporine,sensitivity,Pathogenic,civic
P00533,V742A,Erlotinib,sensitivity,Likely pathogenic,civic
P01111,G13D,Tanespimycin,sensitivity,Pathogenic,civic
P01111,Q61L,Temozolomide,sensitivity,Pathogenic,civic
P01111,Q61R,Temozolomide,sensitivity,Pathogenic,civic
P01112,G13D,Vemurafenib,resistance,Pathogenic,civic
P01116,A146V,Abemaciclib,sensitivity,Pathogenic,civic
P01116,G12A,Gefitinib,resistance,Pathogenic,civic
P01116,G12A,Melphalan,resistance,Pathogenic,civic
P01116,G12A,Regorafenib,resistance,Pathogenic,civic
P01116,G12D,Gefitinib,resistance,Pathogenic,civic
P01116,G12D,Melphalan,resistance,Pathogenic,civic
P01116,G12D,MK2206,sensitivity,Pathogenic,civic
P01116,G12D,Regorafenib,resistance,Pathogenic,civic
P01116,G12D,Vemurafenib,resistance,Pathogenic,civic
P01116,G12S,Gefitinib,resistance,Pathogenic,civic
P01116,G12S,Melphalan,resistance,Pathogenic,civic
P01116,G12S,Regorafenib,resistance,Pathogenic,civic
P01116,G12V,Gefitinib,resistance,Pathogenic,civic
P01116,G12V,Palbociclib,sensitivity,Pathogenic,civic
P01116,G12V,Regorafenib,resistance,Pathogenic,civic
P01116,G13D,Pictilisib,resistance,Pathogenic,civic
P01116,G13D,Regorafenib,resistance,Pathogenic,civic
P02649,C130R,simvastatin,sensitivity,Pathogenic,pharmgkb
P02649,C130R,warfarin,sensitivity,Pathogenic,pharmgkb
P02649,R176C,atorvastatin,sensitivity,Pathogenic,pharmgkb
P02649,R176C,fenofibrate,sensitivity,Pathogenic,pharmgkb
P02649,R176C,fluvastatin,sensitivity,Pathogenic,pharmgkb
P02649,R176C,pravastatin,sensitivity,Pathogenic,pharmgkb
P02649,R176C,warfarin,sensitivity,Pathogenic,pharmgkb
P04114,P2739Q,fenofibrate,sensitivity,Pathogenic,pharmgkb
P04114,R3638Q,irbesartan,sensitivity,Benign,pharmgkb
P04114,T98I,irbesartan,sensitivity,Benign,pharmgkb
P04179,V16A,cyclophosphamide,sensitivity,Benign,pharmgkb
P04626,D769Y,Neratinib,sensitivity,Pathogenic,civic
P04626,G309A,Neratinib,sensitivity,Pathogenic,civic
P04626,L755S,Lapatinib,resistance,Likely pathogenic,civic
P04626,L755S,Neratinib,sensitivity,Likely pathogenic,civic
P04626,L755W,Neratinib,sensitivity,Likely pathogenic,civic
P04626,N857S,Lapatinib,sensitivity,Pathogenic,civic
P04626,R896C,Neratinib,sensitivity,Pathogenic,civic
P04626,V777L,Neratinib,sensitivity,Pathogenic,civic
P04626,V842I,Neratinib,sensitivity,Pathogenic,civic
P04637,G245S,AMGMDS3,resistance,Pathogenic,civic
P04637,R158H,AMGMDS3,resistance,Pathogenic,civic
P04637,R158L,AMGMDS3,resistance,Pathogenic,civic
P04637,R175H,AMGMDS3,resistance,Pathogenic,civic
P04637,R175H,Doxorubicin,sensitivity,Pathogenic,civic
P04637,R248Q,AMGMDS3,resistance,Pathogenic,civic
P04637,R248W,AMGMDS3,resistance,Pathogenic,civic
P04637,R273H,AMGMDS3,resistance,Pathogenic,civic
P04637,V157F,AMGMDS3,resistance,Pathogenic,civic
P04637,Y220C,AMGMDS3,resistance,Pathogenic,civic
P05106,L59P,clopidogrel,sensitivity,Benign,pharmgkb
P05181,F421L,risperidone,sensitivity,Benign,pharmgkb
P06280,A156T,migalastat,sensitivity,Pathogenic,pharmgkb
P06280,D264N,migalastat,sensitivity,Pathogenic,pharmgkb
P06280,D313Y,migalastat,sensitivity,Pathogenic,pharmgkb
P06280,D322E,migalastat,sensitivity,Pathogenic,pharmgkb
P06280,D33G,migalastat,sensitivity,Pathogenic,pharmgkb
P06280,G183D,migalastat,sensitivity,Pathogenic,pharmgkb
P06280,G373S,migalastat,sensitivity,Pathogenic,pharmgkb
P06280,G85A,migalastat,sensitivity,Pathogenic,pharmgkb
P06280,I253T,migalastat,sensitivity,Likely pathogenic,pharmgkb
P06280,L300P,migalastat,sensitivity,Pathogenic,pharmgkb
P06280,L36W,migalastat,sensitivity,Pathogenic,pharmgkb
P06280,M187I,migalastat,sensitivity,Pathogenic,pharmgkb
P06280,P205T,migalastat,sensitivity,Pathogenic,pharmgkb
P06280,R112H,migalastat,sensitivity,Pathogenic,pharmgkb
P06280,R301L,migalastat,sensitivity,Pathogenic,pharmgkb
P06280,R356W,migalastat,sensitivity,Pathogenic,pharmgkb
P07359,T161M,aspirin,sensitivity,Benign,pharmgkb
P07949,C634W,Motesanib,resistance,Pathogenic,civic
P07949,M918T,AZD1480,sensitivity,Pathogenic,civic
P07949,M918T,Cabozantinib,sensitivity,Pathogenic,civic
P07949,M918T,Motesanib,resistance,Pathogenic,civic
P07949,M918T,Sorafenib,sensitivity,Pathogenic,civic
P08183,I1145M,agomelatine,sensitivity,Benign,pharmgkb
P08183,I1145M,atorvastatin,sensitivity,Benign,pharmgkb
P08183,I1145M,cytarabine,sensitivity,Benign,pharmgkb
P08183,I1145M,granisetron,sensitivity,Benign,pharmgkb
P08183,I1145M,imatinib,sensitivity,Benign,pharmgkb
P08183,I1145M,losartan,sensitivity,Benign,pharmgkb
P08183,I1145M,modafinil,sensitivity,Benign,pharmgkb
P08183,I1145M,morphine,sensitivity,Benign,pharmgkb
P08183,I1145M,ondansetron,sensitivity,Benign,pharmgkb
P08183,I1145M,oxaliplatin,sensitivity,Benign,pharmgkb
P08183,I1145M,phenobarbital,sensitivity,Benign,pharmgkb
P08183,I1145M,phenytoin,sensitivity,Benign,pharmgkb
P08183,I1145M,Platinum ,sensitivity,Benign,pharmgkb
P08183,I1145M,remifentanil,sensitivity,Benign,pharmgkb
P08183,I1145M,tacrolimus,sensitivity,Benign,pharmgkb
P08183,I1145M,tamoxifen,sensitivity,Benign,pharmgkb
P08183,I1145M,tramadol,sensitivity,Benign,pharmgkb
P08183,I1145M,venlafaxine,sensitivity,Benign,pharmgkb
P08183,I1145M,vincristine,sensitivity,Benign,pharmgkb
P08183,S400N,tacrolimus,sensitivity,Benign,pharmgkb
P08183,S400N,temozolomide,sensitivity,Benign,pharmgkb
P08183,S893T,Paclitaxel,sensitivity,Benign,civic
P08235,V180I,enalapril,sensitivity,Benign,pharmgkb
P08581,D1228N,Crizotinib,resistance,Pathogenic,civic
P08588,S49G,carvedilol,sensitivity,Benign,pharmgkb
P08588,S49G,metoprolol,sensitivity,Benign,pharmgkb
P08588,S49G,timolol,sensitivity,Benign,pharmgkb
P08913,N266K,dexmedetomidine,sensitivity,Benign,pharmgkb
P08922,G2032R,Cabozantinib,sensitivity,Pathogenic,civic
P08922,G2032R,Foretinib,sensitivity,Pathogenic,civic
P08922,G2032R,Lorlatinib,sensitivity,Pathogenic,civic
P09211,A114V,cisplatin,sensitivity,Benign,pharmgkb
P09211,I105V,cyclophosphamide,sensitivity,Benign,pharmgkb
P09211,I105V,dimethyl fumarate,sensitivity,Benign,pharmgkb
P09211,I105V,FOLFOX Regimen,sensitivity,Benign,civic
P09211,I105V,Platinum ,sensitivity,Benign,pharmgkb
P10398,S214C,Sorafenib,sensitivity,Likely pathogenic,civic
P10398,S214C,Trametinib,sensitivity,Likely pathogenic,civic
P10635,P34A,escitalopram,sensitivity,Likely benign,pharmgkb
P10721,D816V,Imatinib,resistance,Pathogenic,civic
P10721,D816V,Midostaurin,sensitivity,Pathogenic,civic
P10721,D820A,Imatinib,resistance,Pathogenic,civic
P10721,D820G,Imatinib,resistance,Pathogenic,civic
P10721,D820Y,Imatinib,resistance,Pathogenic,civic
P10721,D820Y,Regorafenib,sensitivity,Pathogenic,civic
P10721,D820Y,Sunitinib,sensitivity,Pathogenic,civic
P10721,K642E,Dasatinib,sensitivity,Pathogenic,civic
P10721,K642E,Imatinib,sensitivity,Pathogenic,civic
P10721,M541L,Imatinib,sensitivity,Pathogenic,civic
P10721,N822K,Imatinib,resistance,Pathogenic,civic
P10721,N822K,Ponatinib,sensitivity,Pathogenic,civic
P10721,V559D,Imatinib,sensitivity,Pathogenic,civic
P10721,V560D,Imatinib Mesylate,sensitivity,Pathogenic,civic
P10721,V560D,Sunitinib,resistance,Pathogenic,civic
P10721,V654A,Imatinib,resistance,Pathogenic,civic
P10721,V654A,Sunitinib,sensitivity,Pathogenic,civic
P10721,Y823D,Imatinib,resistance,Likely pathogenic,civic
P11362,N546K,Pemigatinib,sensitivity,Pathogenic,civic
P11362,N546K,Ponatinib,sensitivity,Pathogenic,civic
P11586,R653Q,methotrexate,sensitivity,Benign,pharmgkb
P11597,V422I,fluvastatin,sensitivity,Benign,pharmgkb
P11597,V422I,rosuvastatin,sensitivity,Benign,pharmgkb
P11597,V422I,simvastatin,sensitivity,Benign,pharmgkb
P11712,I359L,losartan,sensitivity,Benign,pharmgkb
P11712,R144C,irbesartan,sensitivity,Benign,pharmgkb
P11802,R24C,Palbociclib,sensitivity,Pathogenic,civic
P13569,A1067P,ivacaftor,sensitivity,Likely pathogenic,pharmgkb
P13569,A455E,ivacaftor,sensitivity,Pathogenic,pharmgkb
P13569,A561E,ivacaftor,sensitivity,Pathogenic,pharmgkb
P13569,A561E,lumacaftor,sensitivity,Pathogenic,pharmgkb
P13569,D110E,ivacaftor,sensitivity,Pathogenic,pharmgkb
P13569,D110H,ivacaftor,sensitivity,Pathogenic,pharmgkb
P13569,D1152H,ivacaftor,sensitivity,Pathogenic,pharmgkb
P13569,D1270N,ivacaftor,sensitivity,Pathogenic,pharmgkb
P13569,D579A,ivacaftor,sensitivity,Pathogenic,pharmgkb
P13569,E56K,ivacaftor,sensitivity,Pathogenic,pharmgkb
P13569,E92K,ivacaftor,sensitivity,Pathogenic,pharmgkb
P13569,F1052L,ivacaftor,sensitivity,Pathogenic,pharmgkb
P13569,F1074L,ivacaftor,sensitivity,Likely pathogenic,pharmgkb
P13569,G1244V,ivacaftor,sensitivity,Pathogenic,pharmgkb
P13569,G1349D,ivacaftor,sensitivity,Pathogenic,pharmgkb
P13569,G178R,ivacaftor,sensitivity,Pathogenic,pharmgkb
P13569,G551D,ivacaftor,sensitivity,Pathogenic,pharmgkb
P13569,G551S,ivacaftor,sensitivity,Pathogenic,pharmgkb
P13569,G970R,ivacaftor,sensitivity,Pathogenic,pharmgkb
P13569,H1054D,ivacaftor,sensitivity,Pathogenic,pharmgkb
P13569,I336K,ivacaftor,sensitivity,Pathogenic,pharmgkb
P13569,L206W,ivacaftor,sensitivity,Pathogenic,pharmgkb
P13569,L927P,ivacaftor,sensitivity,Pathogenic,pharmgkb
P13569,L997F,ivacaftor,sensitivity,Pathogenic,pharmgkb
P13569,M1V,ivacaftor,sensitivity,Pathogenic,pharmgkb
P13569,P67L,ivacaftor,sensitivity,Pathogenic,pharmgkb
P13569,R1066L,ivacaftor,sensitivity,Pathogenic,pharmgkb
P13569,R1070Q,ivacaftor,sensitivity,Pathogenic,pharmgkb
P13569,R117G,ivacaftor,sensitivity,Pathogenic,pharmgkb
P13569,R117H,ivacaftor,sensitivity,Pathogenic,pharmgkb
P13569,R334W,ivacaftor,sensitivity,Pathogenic,pharmgkb
P13569,R347L,ivacaftor,sensitivity,Pathogenic,pharmgkb
P13569,R352Q,ivacaftor,sensitivity,Pathogenic,pharmgkb
P13569,R668C,ivacaftor,sensitivity,Pathogenic,pharmgkb
P13569,R74W,ivacaftor,sensitivity,Pathogenic,pharmgkb
P13569,S1235R,ivacaftor,sensitivity,Pathogenic,pharmgkb
P13569,S1251N,ivacaftor,sensitivity,Pathogenic,pharmgkb
P13569,S1255P,ivacaftor,sensitivity,Pathogenic,pharmgkb
P13569,S549N,ivacaftor,sensitivity,Pathogenic,pharmgkb
P13569,S945L,ivacaftor,sensitivity,Pathogenic,pharmgkb
P13569,S977F,ivacaftor,sensitivity,Pathogenic,pharmgkb
P13569,T338I,ivacaftor,sensitivity,Pathogenic,pharmgkb
P15056,D594G,Sorafenib,sensitivity,Pathogenic,civic
P15056,D594G,Trametinib,sensitivity,Pathogenic,civic
P15056,D594G,U0126,resistance,Pathogenic,civic
P15056,G469E,Sorafenib,sensitivity,Pathogenic,civic
P15056,G469E,U0126,resistance,Pathogenic,civic
P15056,L597Q,Trametinib,sensitivity,Pathogenic,civic
P15056,L597R,Vemurafenib,sensitivity,Pathogenic,civic
P15056,L597S,MEK Inhibitor TAK-733,sensitivity,Pathogenic,civic
P15056,L597V,Trametinib,sensitivity,Pathogenic,civic
P15559,P187S,Amrubicin,sensitivity,Pathogenic,civic
P15559,P187S,Platinum ,sensitivity,Pathogenic,pharmgkb
P15559,P187S,warfarin,sensitivity,Pathogenic,pharmgkb
P16234,D842I,Crenolanib,sensitivity,Likely pathogenic,civic
P16234,D842V,Crenolanib,sensitivity,Pathogenic,civic
P16234,D842V,Imatinib,resistance,Pathogenic,civic
P16234,D842V,Imatinib Mesylate,resistance,Pathogenic,civic
P16234,D842V,Sunitinib,resistance,Pathogenic,civic
P16234,D842Y,Crenolanib,sensitivity,Likely pathogenic,civic
P16234,T674I,Imatinib,resistance,Pathogenic,civic
P16234,T674I,Ponatinib,sensitivity,Pathogenic,civic
P16234,V561A,Imatinib,sensitivity,Pathogenic,civic
P18074,K751Q,Cisplatin,resistance,Benign,civic
P18887,Q399R,fluorouracil,sensitivity,Benign,pharmgkb
P18887,Q399R,Platinum ,sensitivity,Benign,pharmgkb
P18887,R194W,Platinum ,sensitivity,Benign,pharmgkb
P19224,T181A,aspirin,sensitivity,Benign,pharmgkb
P20813,K262R,bupropion,sensitivity,Benign,pharmgkb
P21860,G284R,Afatinib,sensitivity,Likely pathogenic,civic
P21860,R103G,Afatinib,sensitivity,Pathogenic,civic
P21860,V104M,Afatinib,sensitivity,Pathogenic,civic
P21964,V158M,clozapine,sensitivity,Benign,pharmgkb
P21964,V158M,entacapone,sensitivity,Benign,pharmgkb
P21964,V158M,fentanyl,sensitivity,Benign,pharmgkb
P21964,V158M,fluvoxamine,sensitivity,Benign,pharmgkb
P21964,V158M,modafinil,sensitivity,Benign,pharmgkb
P21964,V158M,morphine,sensitivity,Benign,pharmgkb
P21964,V158M,nicotine,sensitivity,Benign,pharmgkb
P21964,V158M,opioids,sensitivity,Benign,pharmgkb
P21964,V158M,oxycodone,sensitivity,Benign,pharmgkb
P21964,V158M,paroxetine,sensitivity,Benign,pharmgkb
P21964,V158M,propranolol,sensitivity,Benign,pharmgkb
P21964,V158M,remifentanil,sensitivity,Benign,pharmgkb
P21964,V158M,venlafaxine,sensitivity,Benign,pharmgkb
P22455,G388R,everolimus,sensitivity,Pathogenic,pharmgkb
P22607,S249C,Cisplatin,resistance,Pathogenic,civic
P22607,S249C,Pazopanib,sensitivity,Pathogenic,civic
P23458,S703I,Ruxolitinib,sensitivity,Pathogenic,civic
P23560,V66M,olanzapine,sensitivity,Benign,pharmgkb
P23560,V66M,paroxetine,sensitivity,Benign,pharmgkb
P28329,A120T,olanzapine,sensitivity,Benign,pharmgkb
P28482,E322K,Erlotinib,sensitivity,Pathogenic,civic
P28715,D1104H,platinum,sensitivity,Benign,pharmgkb
P29474,D298E,daunorubicin,sensitivity,Pathogenic,pharmgkb
P29474,D298E,salvianolic acid b,sensitivity,Pathogenic,pharmgkb
P29474,D298E,sorafenib,sensitivity,Pathogenic,pharmgkb
P31749,E17K,Capivasertib,sensitivity,Pathogenic,civic
P31749,E17K,Uprosertib,sensitivity,Pathogenic,civic
P31749,E17K,Vemurafenib,resistance,Pathogenic,civic
P31749,Q79K,Dabrafenib,resistance,Likely pathogenic,civic
P31749,Q79K,Vemurafenib,resistance,Likely pathogenic,civic
P31939,T116S,methotrexate,sensitivity,Benign,pharmgkb
P35499,I1310N,flecainide,sensitivity,Pathogenic,pharmgkb
P35499,I1310N,mexiletine,sensitivity,Pathogenic,pharmgkb
P35499,N1297K,mexiletine,sensitivity,Pathogenic,pharmgkb
P35499,T1313M,flecainide,sensitivity,Pathogenic,pharmgkb
P35499,T1313M,mexiletine,sensitivity,Pathogenic,pharmgkb
P35916,R1324L,sunitinib,sensitivity,Benign,pharmgkb
P35916,T494A,sunitinib,sensitivity,Benign,pharmgkb
P35968,Q472H,sorafenib,sensitivity,Benign,pharmgkb
P36888,D835H,Gilteritinib,sensitivity,Pathogenic,civic
P36888,D835H,Sorafenib,resistance,Pathogenic,civic
P36888,D835V,Gilteritinib,sensitivity,Pathogenic,civic
P36888,D835V,Sunitinib,sensitivity,Pathogenic,civic
P36888,D835V,Tandutinib,resistance,Pathogenic,civic
P37231,P12A,pioglitazone,sensitivity,Benign,pharmgkb
P38435,R325Q,warfarin,sensitivity,Benign,pharmgkb
P41439,R98C,pemetrexed,sensitivity,Benign,pharmgkb
P41440,H27R,irinotecan,sensitivity,Benign,pharmgkb
P41440,H27R,methotrexate,sensitivity,Benign,pharmgkb
P41440,H27R,Platinum ,sensitivity,Benign,pharmgkb
P42336,C420R,BCP32858,resistance,Pathogenic,civic
P42336,C420R,Pictilisib,sensitivity,Pathogenic,civic
P42336,D350G,Vemurafenib,resistance,Pathogenic,civic
P42336,E542K,Apitolisib,sensitivity,Pathogenic,civic
P42336,E542K,MEN1611,sensitivity,Pathogenic,civic
P42336,E542K,Pictilisib,sensitivity,Pathogenic,civic
P42336,E542K,Sirolimus,sensitivity,Pathogenic,civic
P42336,E545G,Vemurafenib,resistance,Pathogenic,civic
P42336,E545K,Apitolisib,sensitivity,Pathogenic,civic
P42336,E545K,BCP32858,resistance,Pathogenic,civic
P42336,E545K,Cisplatin,resistance,Pathogenic,civic
P42336,E545K,Gefitinib,resistance,Pathogenic,civic
P42336,E545K,Pictilisib,sensitivity,Pathogenic,civic
P42336,E545K,Vemurafenib,resistance,Pathogenic,civic
P42336,H1047L,PI-103,sensitivity,Pathogenic,civic
P42336,H1047L,Pictilisib,sensitivity,Pathogenic,civic
P42336,H1047R,Alpelisib,sensitivity,Pathogenic,civic
P42336,H1047R,BCP32858,resistance,Pathogenic,civic
P42336,H1047R,Dactolisib,sensitivity,Pathogenic,civic
P42336,H1047R,MEN1611,sensitivity,Pathogenic,civic
P42336,H1047R,Pictilisib,sensitivity,Pathogenic,civic
P42336,H1047R,Taselisib,sensitivity,Pathogenic,civic
P42336,H1047R,Vemurafenib,resistance,Pathogenic,civic
P42336,K111N,PI-103,sensitivity,Likely pathogenic,civic
P42336,K111N,Pictilisib,sensitivity,Likely pathogenic,civic
P42345,C1483Y,Sirolimus,sensitivity,Pathogenic,civic
P42345,E1799K,Sirolimus,sensitivity,Pathogenic,civic
P42345,M2327I,AZD8055,resistance,Pathogenic,civic
P42345,S2215Y,Sirolimus,sensitivity,Pathogenic,civic
P42898,A222V,benazepril,sensitivity,Benign,pharmgkb
P42898,A222V,disulfiram,sensitivity,Benign,pharmgkb
P42898,A222V,Fluorouracil,sensitivity,Benign,civic
P42898,A222V,methotrexate,sensitivity,Benign,pharmgkb
P42898,A222V,pemetrexed,sensitivity,Benign,pharmgkb
P42898,A222V,pravastatin,sensitivity,Benign,pharmgkb
P42898,E429A,methotrexate,sensitivity,Benign,pharmgkb
P43681,S543R,varenicline,sensitivity,Benign,pharmgkb
P50148,Q209P,PLX4720,resistance,Pathogenic,civic
P50148,Q209P,Vemurafenib,resistance,Pathogenic,civic
P51587,R2336P,Rucaparib,sensitivity,Pathogenic,civic
P51587,V159M,Rucaparib,sensitivity,Pathogenic,civic
P51587,V211I,Rucaparib,sensitivity,Pathogenic,civic
P51587,V211L,Rucaparib,sensitivity,Pathogenic,civic
P51649,H180Y,methadone,sensitivity,Benign,pharmgkb
P78329,V433M,warfarin,sensitivity,Benign,pharmgkb
Q01726,V92M,desipramine,sensitivity,Benign,pharmgkb
Q02750,C121S,Vemurafenib,resistance,Pathogenic,civic
Q02750,K57N,Selumetinib,sensitivity,Pathogenic,civic
Q02750,P124S,Selumetinib,resistance,Pathogenic,civic
Q02750,Q56P,Selumetinib,resistance,Pathogenic,civic
Q06187,C481S,Ibrutinib,resistance,Pathogenic,civic
Q12809,N588K,disopyramide,sensitivity,Pathogenic,pharmgkb
Q12809,N588K,quinidine,sensitivity,Pathogenic,pharmgkb
Q13315,D1682H,Doxorubicin,resistance,Pathogenic,civic
Q13315,R3008C,Doxorubicin,resistance,Pathogenic,civic
Q13315,T2666A,Doxorubicin,resistance,Likely pathogenic,civic
Q13562,T45S,repaglinide,sensitivity,Benign,pharmgkb
Q14654,K23Q,gliclazide,sensitivity,Benign,pharmgkb
Q14654,K23Q,repaglinide,sensitivity,Benign,pharmgkb
Q15831,D194E,Everolimus,sensitivity,Likely pathogenic,civic
Q16134,T31I,methylphenidate,sensitivity,Benign,pharmgkb
Q16678,A119S,risperidone,sensitivity,Benign,pharmgkb
Q16678,R48G,risperidone,sensitivity,Benign,pharmgkb
Q16832,G253C,Dasatinib,sensitivity,Likely pathogenic,civic
Q16832,G774V,Dasatinib,sensitivity,Likely pathogenic,civic
Q16832,I638F,Dasatinib,sensitivity,Likely pathogenic,civic
Q16832,L239R,Dasatinib,sensitivity,Likely pathogenic,civic
Q16832,L63V,Dasatinib,sensitivity,Likely pathogenic,civic
Q5VY43,N848K,prasugrel,sensitivity,Benign,pharmgkb
Q6Q788,S19L,fenofibrate,sensitivity,Benign,pharmgkb
Q8IZD2,G999C,duloxetine,sensitivity,Benign,pharmgkb
Q8NFD2,E713K,bupropion,sensitivity,Benign,pharmgkb
Q8NFD2,E713K,disulfiram,sensitivity,Benign,pharmgkb
Q8NFD2,E713K,nicotine,sensitivity,Benign,pharmgkb
Q8NFD2,E713K,prochlorperazine,sensitivity,Benign,pharmgkb
Q8WTV0,G2S,fenofibrate,sensitivity,Benign,pharmgkb
Q8WY64,N342I,atorvastatin,sensitivity,Benign,pharmgkb
Q92887,C1515Y,lopinavir,sensitivity,Benign,pharmgkb
Q92887,V417I,imatinib,sensitivity,Benign,pharmgkb
Q99062,T618I,Ruxolitinib,sensitivity,Pathogenic,civic
Q99707,D919G,benazepril,sensitivity,Benign,pharmgkb
Q99707,D919G,methotrexate,sensitivity,Benign,pharmgkb
Q99835,D473H,Patidegib,sensitivity,Pathogenic,civic
Q99835,D473H,Vismodegib,resistance,Pathogenic,civic
Q99835,L412F,Vismodegib,resistance,Pathogenic,civic
Q9H015,L503F,imatinib,sensitivity,Benign,pharmgkb
Q9H251,V1675I,methylphenidate,sensitivity,Benign,pharmgkb
Q9H3S5,F365L,methylphenidate,sensitivity,Benign,pharmgkb
Q9HAW9,A173G,raloxifene,sensitivity,Benign,pharmgkb
Q9HCN6,P219A,aspirin,sensitivity,Benign,pharmgkb
Q9NYK1,Q11P,imiquimod,sensitivity,Benign,pharmgkb
Q9UM73,F1245C,Ceritinib,sensitivity,Pathogenic,civic
Q9UM73,F1245C,Crizotinib,resistance,Pathogenic,civic
Q9UM73,F1245C,Lorlatinib,sensitivity,Pathogenic,civic
Q9UM73,F1245V,Entrectinib,sensitivity,Pathogenic,civic
Q9UM73,G1202R,Alectinib,resistance,Likely pathogenic,civic
Q9UM73,G1202R,Brigatinib,resistance,Likely pathogenic,civic
Q9UM73,G1202R,Ceritinib,resistance,Likely pathogenic,civic
Q9UM73,G1202R,Crizotinib,resistance,Likely pathogenic,civic
Q9UM73,G1202R,Tanespimycin,sensitivity,Likely pathogenic,civic
Q9UM73,G1269A,Alectinib,resistance,Likely pathogenic,civic
Q9UM73,G1269A,Brigatinib,sensitivity,Likely pathogenic,civic
Q9UM73,G1269A,Ceritinib,sensitivity,Likely pathogenic,civic
Q9UM73,G1269A,Crizotinib,resistance,Likely pathogenic,civic
Q9UM73,L1152R,Crizotinib,resistance,Likely pathogenic,civic
Q9UM73,L1196M,Alectinib,sensitivity,Likely pathogenic,civic
Q9UM73,L1196M,Ceritinib,sensitivity,Likely pathogenic,civic
Q9UM73,L1196M,Crizotinib,resistance,Likely pathogenic,civic
Q9UM73,S1206Y,Ceritinib,sensitivity,Likely pathogenic,civic
Q9UM73,S1206Y,Crizotinib,resistance,Likely pathogenic,civic
Q9UM73,V1180L,Alectinib,resistance,Likely pathogenic,civic
Q9UM73,V1180L,Brigatinib,sensitivity,Likely pathogenic,civic
Q9UM73,V1180L,Ceritinib,sensitivity,Likely pathogenic,civic
Q9UM73,V1180L,Crizotinib,resistance,Likely pathogenic,civic
Q9UM73,V1180L,TAE684,sensitivity,Likely pathogenic,civic
Q9UN88,I478L,venlafaxine,sensitivity,Benign,pharmgkb
Q9UNQ0,Q141K,allopurinol,sensitivity,Benign,pharmgkb
Q9UNQ0,Q141K,rosuvastatin,sensitivity,Benign,pharmgkb
Q9UNQ0,Q141K,sulfasalazine,sensitivity,Benign,pharmgkb
Q9UQQ2,W262G,candesartan,sensitivity,Benign,pharmgkb
Q9Y243,E17K,Vemurafenib,resistance,Pathogenic,civic
Q9Y6L6,N130D,Methotrexate,sensitivity,Benign,civic
Q9Y6L6,N130H,atorvastatin,sensitivity,Benign,pharmgkb
Q9Y6L6,N130H,irinotecan,sensitivity,Benign,pharmgkb
Q9Y6L6,N130H,rocuronium,sensitivity,Benign,pharmgkb
Q9Y6L6,P155T,fluvastatin,sensitivity,Benign,pharmgkb
Q9Y6L6,V174A,methotrexate,sensitivity,Pathogenic,pharmgkb
Q9Y6L6,V174A,pravastatin,sensitivity,Pathogenic,pharmgkb
Q9Y6L6,V174A,repaglinide,sensitivity,Pathogenic,pharmgkb
Q9Y6L6,V174A,rosiglitazone,sensitivity,Pathogenic,pharmgkb
Q9Y6L6,V174A,simvastatin,sensitivity,Pathogenic,pharmgkb
